{
  "aws_access_key_id": "AKIAXTK5QOAURATCKLEP",
  "aws_secret_access_key": "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",
  "region_name": "us-east-1",

  "ami_id": "ami-0c398cb65a93047f2",
  "instance_type": "t3.micro",

  "key_name": "myKeyPair",
  "ssh_key_path": "./myKeyPair.pem",

  "security_group_name": "ece326-group8",

  "local_app_path": "./app_src",
  "remote_app_path": "/home/ubuntu/app",

  "startup_command": "cd /home/ubuntu/app/app_src && nohup python3 app.py > app.log 2>&1 &",
  "exposed_port": 8080
}

